id,publisher,title,url,accessed,vintage,geography,format,metric,cached_path,notes
S01,Ministry of Power / National Smart Grid Mission,All India / State Wise Smart Metering Status,https://www.nsgm.gov.in/en/sm-stats-all,2026-09-29,live dashboard; printout seen shows data updated 15-Aug-2025,national; state (map). DISCOM drill-down [unconfirmed],dashboard (HTML),"smart consumer / DT / feeder meters: sanctioned, installed, ongoing, by scheme and agency",raw/nsgm-state-wise-status-printout-valuepickr.pdf,Site refused connection from this machine (ECONNREFUSED; possibly geo-restricted). Content read only from a third-party printout (valuepickr forum) stamped 25-08-2025. Covers IS-16444 meters across all schemes incl. utility-owned.
S02,Ministry of Power / REC (RDSS portal),RDSS dashboard - state and DISCOM view (smart metering progress),https://rdss.powermin.gov.in/discom-view-dashboard,2026-09-29,live on access date,national; state; DISCOM (82 utilities in list),dashboard (React SPA) backed by an unauthenticated JSON API at rdss.powermin.gov.in:8443/apiv1/getProgressDetailSm,"consumer, DT, feeder smart meters: sanctioned, awarded, installed, communicating (cumulative)",raw/rdss-api-sm-progress-allindia-2026-09-29.json; raw/rdss-api-sm-progress-karnataka-2026-09-29.json; raw/rdss-api-discom-list-2026-09-29.json,RDSS-funded meters only. Karnataka (incl. BESCOM) and the three Delhi private DISCOMs return zero installed. API is undocumented; queried a handful of times. District-level sanction data sits behind admin login.
S03,Ministry of Power / REC (RDSS portal),RDSS feeder-wise report (loss-reduction works),https://rdss.powermin.gov.in/feeder-wise-reports,2026-09-29,live,feeder,dashboard / JSON,"sanctioned, awarded, erected, charged quantities of loss-reduction assets per feeder",,Not a metering or loss metric. A test query for a UP DISCOM returned 0 rows.
S04,Central Electricity Authority,"Report on Status of Metering in the Country (feeders, DTs, consumers) as on 31 March 2025",https://cea.nic.in/wp-content/uploads/dp_t/2025/11/DPT___Report_on_status_of_Metering_as_on_31st_March_2025_1.pdf,2026-09-29,as on 2025-03-31 (published Oct 2025),DISCOM (urban/rural split),PDF (text),"% metered 11kV and 33kV feeders, DTs, consumers by category; state-wise RDSS smart metering sanctions",raw/cea-status-of-metering-2025-03-31.pdf,"Metered vs unmetered, not smart vs conventional (apart from a national note on 2.11 lakh smart feeder meters integrated with NFMS). Self-reported by DISCOMs."
S05,Central Electricity Authority,Report on Status of Metering as on 31 March 2024,https://cea.nic.in/wp-content/uploads/notification/2024/09/Report_on_Metering_status_of_Feeders_DTs_and_Consumers__as_on_31st_March_2024-1.pdf,2026-09-29,as on 2024-03-31,DISCOM,PDF,as S04,,Not downloaded; earlier edition of S04 (seen in search results only).
S06,Ministry of Power / REC PDCL,National Feeder Monitoring System (NFMS),https://nfms.powermin.gov.in/,2026-09-29,live,public summary views [unconfirmed]; feeder-level behind login,dashboard (Angular SPA with Oracle IDCS login),"feeder supply hours, outages, reliability",,"Public routes in the app bundle: landing, about, major-cities, dashboard. Feeder data not reachable without login. What the public views show was not confirmed."
S07,Ministry of Power / NIC,National Power Portal distribution dashboard,https://npp.gov.in/dashBoard/gc-map-dashboard,2026-09-29,distribution feeder indicators dated 2014-09-01 to 2015-08-31,region / all-India; feeder in the old R-APDRP/IPDS module,dashboard,"feeder AT&C loss range, worst feeders, billing and collection efficiency",,Distribution content is stale (2014-15). Not usable for current observability.
S08,Power Finance Corporation,Report on Performance of Power Utilities 2024-25,https://www.pfcindia.co.in/ensite/DocumentRepository/ckfinder/files/Operations/Performance_Reports_of_State_Power_Utilities/Report%20on%20Performance%20of%20Power%20Utilities%202024-25.pdf,2026-09-29,FY2024-25 [unconfirmed],DISCOM,PDF,"DISCOM AT&C, billing and collection efficiency, finances",,Could not open: pfcindia.co.in returned its React shell for every path from this machine. Contents known from search snippets and press only [unconfirmed]. A 2023-24 edition also exists.
S09,BEE / BESCOM (auditor East Coast Sustainable),Annual Energy Audit Report of BESCOM FY2023-24,https://www.beeindia.gov.in/WriteReadData/RTF1984/RTF-PDF-a21b47b3b4670814_1775536149.pdf,2026-09-29,FY2023-24 (report July 2024),DISCOM; circle; division; 60-feeder sample,PDF (text),AT&C by division; DT metering status by division; feeder metering; SRTPV totals,raw/bee-annual-energy-audit-bescom-fy2023-24.pdf,"All 6,389 11kV feeders metered; the full feeder annex is not in this PDF. Smart meter rollout 'not yet commenced' at the time. SRTPV: 9,207 installations, 293.03 MW to 31-03-2024 (DISCOM total)."
S10,BESCOM,"Periodic (quarterly) energy accounting pro-forma, Q1 FY2024-25 (Apr-Jun 2024)",https://bescom.karnataka.gov.in/storage/pdf-files/Quaterly%20Enenrgy%20Audit%20Reports/1stQtrofFY-25Pro-formaforDISCOMEnergyAccounting.xlsx,2026-09-29,Apr-Jun 2024,"feeder (6,487 rows with zone, circle, division, subdivision, station, feeder code); DT-wise losses (~60k rows); division",XLSX (machine-readable),"feeder input, consumption, T&D and AT&C loss, feeder meter type; DTs per feeder: metered / unmetered, AMR or AMI communicable vs non-communicable; DT-wise losses",raw/bescom-periodic-energy-accounting-q1-fy2024-25.xlsx,"The key sub-state source found. Every feeder meter is typed 'DLMS'; 0 communicable DT meters this quarter; 117,445 non-communicable metered DTs of ~501,556. Consumer smart meters only as a DISCOM total (70). XLSX series runs Q2 FY22 to Q1 FY25; later quarters are PDFs."
S11,BESCOM,"Periodic energy accounting report Q1 FY2026-27 (Apr-Jun 2026), provisional",https://bescom.karnataka.gov.in/uploads/media_to_upload1789040143.pdf,2026-09-29,Apr-Jun 2026 (cover letter dated 7 Sep 2026),feeder; DT per feeder; division; DISCOM,PDF with text layer (~11 MB; extractable with pdftotext),as S10 plus feeder meter communication status and % data received automatically,raw/bescom-periodic-energy-accounting-q1-fy2026-27.pdf,"7,149 feeders, 32 divisions, 148 subdivisions, 15.28M consumers; 18,181 SRTPV installations / 403.18 MW (DISCOM total). Reports 0 consumer smart meters and 216 DTs with communicable meters. The 0 conflicts with press reports of ~15k smart meters on new connections [unconfirmed]."
S12,BESCOM,Quarterly Energy Audit Reports (index page),https://bescom.karnataka.gov.in/new-page/Quarterly%20Energy%20Audit%20Reports/en,2026-09-29,Q2 FY2021-22 to Q1 FY2026-27,index,HTML page linking XLSX and PDF,index of the S10/S11 series,,"20 quarters listed; XLSX up to Q1 FY25, PDF after."
S13,BEE / BYPL (auditor PESPL),Annual Energy Audit Report of BSES Yamuna Power FY2022-23,https://www.beeindia.gov.in/WriteReadData/RTF1984/RTF-PDF-77e7a9c9faa32f5b_1775546178.pdf,2026-09-29,FY2022-23 (report July 2023),DISCOM; circle; division; subdivision (embedded generation),PDF (text),division and circle AT&C; division- and subdivision-wise embedded generation (rooftop solar by voltage); metering details,raw/bee-annual-energy-audit-bypl-fy2022-23.pdf,Feeder-wise AT&C explicitly not computed (ring network; losses by division). Smart meter counts not reported ('working on report generation'). DT-wise loss replaced by a cluster-wise report to DERC.
S14,Tata Power-DDL (auditor A-Z Energy Engineers),Annual Energy Accounting Report FY2022-23,https://www.tatapower-ddl.com/Editor_UploadedDocuments/Content/Annual_Energy_Accounting_Report_of_Tata_Power_DDL_FY_2022-23_.pdf,2026-09-29,FY2022-23,DISCOM; circle; division,PDF (text),"division AT&C; metering counts (315,336 smart LT consumers); DT metering 100%; 1,420 rooftop plants / 43 MWp",raw/tpddl-annual-energy-accounting-fy2022-23.pdf,Feeder-wise AT&C 'not available' (ring main network).
S15,Tata Power-DDL,Annual Energy Accounting Report FY2024-25,https://www.tatapower-ddl.com/Editor_UploadedDocuments/Content/Annual_Energy_Accounting_Report_of_Tata_Power-DDL_FY_2024-25_c.pdf,2026-09-29,FY2024-25,DISCOM; division,PDF (text),"division AT&C; 529,083 smart LT + 10,094 smart prepaid meters (DISCOM total)",raw/tpddl-annual-energy-accounting-fy2024-25.pdf,Smart meter counts at DISCOM level only.
S16,Tata Power-DDL,"Details of Division-wise losses, 1 Jan - 31 Mar 2025",https://www.tatapower-ddl.com/Editor_UploadedDocuments/Content/Details_of_Division_Wise_losses_TATA_Power-DDL_1st_Jan'2025_-_31st_Mar'2025.pdf,2026-09-29,Jan-Mar 2025,division (by consumer category),"PDF (text, wide table)","connections metered/unmetered, connected load, input, billed, T&D, collection efficiency, AT&C",raw/tpddl-division-wise-losses-q4-fy2024-25.pdf,Latest quarter on the TPDDL page at access; nothing later found.
S17,Tata Power-DDL,Periodic Energy MIS (index of BEE quarterly and annual reports),https://www.tatapower-ddl.com/regulations-and-compliances/business-mis/periodic-energy-mis,2026-09-29,quarterly Jul 2021 to Mar 2025; annual FY21 to FY25,index,HTML,index,,"Quarterly set = performance summary, input energy infrastructure, division-wise losses. No feeder-wise file."
S18,"BEE / PVVNL, Uttar Pradesh (auditor Ingenius)",Annual Energy Audit Report PVVNL FY2023-24,https://www.beeindia.gov.in/WriteReadData/RTF1984/RTF-PDF-624b5522189c2a1e_1775536115.pdf,2026-09-29,FY2023-24,DISCOM; circle; division; feeder (loss-range counts and a top-10% feeder list),PDF (text),circle and division AT&C; feeder loss distribution; DT metering 9%,raw/bee-annual-energy-audit-pvvnl-fy2023-24.pdf,Example from another state: feeder detail appears only as a distribution and worst-feeder list.
S19,UPPCL,Feeder/Bay-wise Energy Monitoring System,https://feederenergy.uppcl.org/,2026-09-29,live,feeder,web app (login + captcha),feeder energy import/export,,Login only; no public data.
S20,BEE / MSEDCL,Annual Energy Audit Report MSEDCL (annex),https://beeindia.gov.in/sites/default/files/inline-images/Final%20Annual%20Energy%20Report_MSEDCL_Annex.pdf,2026-09-29,[unconfirmed],division [unconfirmed],PDF,energy audit,,"Not opened. Snippet says MSEDCL computes division losses from feeder input. Whether MSEDCL, Gujarat or Tamil Nadu DISCOMs publish BESCOM-style feeder-wise quarterly files was not confirmed."
S21,MNRE,State-wise (location based) installed capacity of RE as on 31.08.2026,https://cdnbbsr.s3waas.gov.in/s3716e1b8c6cd17b771da77391355749f3/uploads/2026/09/202609081073775955.pdf,2026-09-29,as on 2026-08-31,state,PDF (text),rooftop solar capacity incl. PM Surya Ghar (MW),raw/mnre-state-wise-re-capacity-2026-08-31.pdf,Karnataka RTS 938.20 MW; Delhi RTS 454.30 MW. National grid-connected rooftop 32.59 GW per the MNRE physical progress page.
S22,MNRE,PM Surya Ghar: Muft Bijli Yojana national portal,https://pmsuryaghar.gov.in/,2026-09-29,live,"national public figures; state, DISCOM and district summaries in admin MIS; district GIS view [unconfirmed]",Angular SPA; ArcGIS layer at gis.pmsuryaghar.gov.in,"residential RTS applications, installations, capacity",,"The app bundle lists 'Application National / State / DISCOM Level Summary' as entitlement-gated MIS reports. A public district-level layer was not confirmed. Residential only, since Feb 2024."
S23,Lok Sabha / MNRE,"Starred Question 59, answered 22.07.2026: Rooftop solar installation target (Tamil Nadu district-wise annex)",https://sansad.in/getFile/lsapps/loksabhaquestions/annex/188/AS59_dKLc7G.pdf,2026-09-29,as on 2026-07-20,district (Tamil Nadu only in this answer),PDF,PM Surya Ghar RTS systems installed by district,raw/ls-question-annex-188-AS59-pmsg.pdf,Shows district-level PMSG data exists and is released ad hoc through parliamentary answers.
S24,data.gov.in / MNRE,State/UT-wise details of solar rooftop installations under PMSG-MBY as on 27-11-2024,https://www.data.gov.in/resource/stateut-wise-details-solar-rooftop-installations-made-under-pm-surya-ghar-muft-bijli,2026-09-29,as on 2024-11-27,state,CSV/API (per title),PMSG installations,,403 on fetch; title from search result only.
S25,MNRE,National Portal for Rooftop Solar (legacy),https://solarrooftop.gov.in/,2026-09-29,,,,,,Unreachable from this machine (connection timeout).
S26,OpenCity (source: KSRSAC),"BESCOM Boundary Maps (division, subdivision, section)",https://data.opencity.in/dataset/bescom-boundary-maps,2026-09-29,dataset updated 2025-11-27 (created 2023-02-02); KSRSAC vintage unknown,"BESCOM divisions (32 polygons, whole service area); subdivisions (90); sections (237)",KML,boundaries with KGIS division and subdivision codes,raw/opencity-bescom-divisions.kml; raw/opencity-bescom-subdivisions.kml; raw/opencity-bescom-sections.kml,Division names match the audit and quarterly reports. Subdivision (90) and section (237) layers look partial against the 148 subdivisions in S11.
S27,OpenCity (source: portal.delhi.gov.in),Delhi Electricity Data,https://data.opencity.in/dataset/delhi-electricity-data,2026-09-29,updated 2025-11-27,point list,CSV,400/220 kV substations with addresses,,No DISCOM or division boundaries. No open Delhi DISCOM or division boundary layer was found.
S28,REC / Ministry of Power,India Energy Stack Strategy Document v0.4 (draft),https://recindia.nic.in/uploads/files/co-IESStrategyDocumentV04.pdf,2026-09-29,March 2026 (draft),n/a,PDF,architecture and use cases,raw/ies-strategy-document-v0.4-2026-03.pdf,"Draft, sandbox and pilot stage, consent-based sharing. Its 'public data' building block concerns tariffs, not grid telemetry. No public data rails found."
S29,Prayas (Energy Group),Smart Metering in India: A work in progress,https://energy.prayaspune.org/power-perspectives/smart-metering-in-india-a-work-in-progress,2026-09-29,2025-05-16,state; DISCOM,web article,analysis of the RDSS and NSGM dashboards,,Confirms public data stops at DISCOM; notes Telangana missing from the RDSS dashboard.
S30,Prayas (Energy Group),Metering the Progress: insights from CEA report on status of metering,https://energy.prayaspune.org/power-perspectives/metering-the-progress,2026-09-29,2025-01-14,DISCOM,web article,critique of the CEA metering report,,"Flags self-reporting, no AMI/AMR type or operational status, and inconsistencies with NPP."
S31,Energetica India (news),"Delhi's 23,000 rooftop solar plants generate 420 MW",https://www.energetica-india.net/news/delhis-23000-rooftop-solar-plants-generate-420-mw-powering-2-lakh-households,2026-09-29,2026 [unconfirmed],DISCOM (BSES combined; TPDDL),news,rooftop solar connections and MWp by DISCOM,,"Search snippet only [unconfirmed]: BSES more than 13,600 connections, ~260 MWp; TPDDL more than 10,000, 160 MWp."
S32,BESCOM,SRTPV online application portal,https://srtpv.bescom.org/SRTPV/index.jsp,2026-09-29,,,web app,SRTPV applications,,"Not opened; appears to be an application workflow, not a public data listing [unconfirmed]."
S33,DERC / BRPL,Executive Summary - BRPL True-up FY2022-23 and ARR FY2024-25,https://www.derc.gov.in/sites/default/files/Executive%20Summary%20-%20BRPL-%20True-up%20of%20FY%202022-23%20and%20ARR%20for%20FY%202024-25.pdf,2026-09-29,FY2022-23 / FY2024-25,DISCOM,PDF,tariff petition summary,,Not opened. No BRPL BEE energy audit report was found on bsesdelhi.com or beeindia.gov.in in this pass.
S34,Deccan Herald (news),"14,000 BESCOM consumers install smart meters",https://www.deccanherald.com/india/karnataka/bengaluru/14-000-bescom-consumers-install-smart-meters-2-3559818,2026-09-29,[unconfirmed],DISCOM,news,smart meter count,,"403 on fetch; the ~14,951 figure (smart meters on new and temporary connections) comes from a search snippet only [unconfirmed]."
